BEGIN;
TRUNCATE TABLE
    trash_bin,
    notice,
    car_log,
    camera_data,
    camera,
    vehicle_car,
    gate,
    parking,
    member
RESTART IDENTITY CASCADE;
-- =====================================================
-- MEMBER
-- =====================================================
INSERT INTO member
    (login_id, login_pwd, mem_dong, mem_ho, mem_name, mem_phone,
     role, create_at, delete_at, mem_status)
VALUES
    ('admin1', '$2a$10$4HZzIIhKHAc3Bmy1t8vdKeoI9fWfl/.a3Il8qR7qp7sdLvE4ZkXU6', 0, 0, '관리자1', '010-1111-1111', 'ADMIN', NOW(), NULL, '근무'),
    ('admin2', '$2a$10$4HZzIIhKHAc3Bmy1t8vdKeoI9fWfl/.a3Il8qR7qp7sdLvE4ZkXU6', 0, 0, '관리자2', '010-1111-2222', 'ADMIN', NOW(), NULL, '근무'),
    -- 101~104동, 1~15층, 1~4라인 안에서 사용하는 정상 거주 세대
    ('res1', '$2a$10$4HZzIIhKHAc3Bmy1t8vdKeoI9fWfl/.a3Il8qR7qp7sdLvE4ZkXU6', 101, 101, '입주민1', '010-2222-0101', 'RESIDENT', NOW(), NULL, '거주'),
    ('res2', '$2a$10$4HZzIIhKHAc3Bmy1t8vdKeoI9fWfl/.a3Il8qR7qp7sdLvE4ZkXU6', 101, 102, '입주민2', '010-2222-0102', 'RESIDENT', NOW(), NULL, '거주'),
    ('res3', '$2a$10$4HZzIIhKHAc3Bmy1t8vdKeoI9fWfl/.a3Il8qR7qp7sdLvE4ZkXU6', 101, 103, '입주민3', '010-2222-0103', 'RESIDENT', NOW(), NULL, '거주'),
    ('res4', '$2a$10$4HZzIIhKHAc3Bmy1t8vdKeoI9fWfl/.a3Il8qR7qp7sdLvE4ZkXU6', 101, 104, '입주민4', '010-2222-0104', 'RESIDENT', NOW(), NULL, '거주'),
    ('res5', '$2a$10$4HZzIIhKHAc3Bmy1t8vdKeoI9fWfl/.a3Il8qR7qp7sdLvE4ZkXU6', 101, 201, '입주민5', '010-2222-0201', 'RESIDENT', NOW(), NULL, '거주'),
    ('res6', '$2a$10$4HZzIIhKHAc3Bmy1t8vdKeoI9fWfl/.a3Il8qR7qp7sdLvE4ZkXU6', 101, 202, '입주민6', '010-2222-0202', 'RESIDENT', NOW(), NULL, '거주'),
    ('res7', '$2a$10$4HZzIIhKHAc3Bmy1t8vdKeoI9fWfl/.a3Il8qR7qp7sdLvE4ZkXU6', 101, 203, '입주민7', '010-2222-0203', 'RESIDENT', NOW(), NULL, '거주'),
    ('res8', '$2a$10$4HZzIIhKHAc3Bmy1t8vdKeoI9fWfl/.a3Il8qR7qp7sdLvE4ZkXU6', 101, 204, '입주민8', '010-2222-0204', 'RESIDENT', NOW(), NULL, '거주'),
    ('res9', '$2a$10$4HZzIIhKHAc3Bmy1t8vdKeoI9fWfl/.a3Il8qR7qp7sdLvE4ZkXU6', 102, 301, '입주민9', '010-2222-0301', 'RESIDENT', NOW(), NULL, '거주'),
    ('res10', '$2a$10$4HZzIIhKHAc3Bmy1t8vdKeoI9fWfl/.a3Il8qR7qp7sdLvE4ZkXU6', 102, 302, '입주민10', '010-2222-0302', 'RESIDENT', NOW(), NULL, '거주'),
    ('res11', '$2a$10$4HZzIIhKHAc3Bmy1t8vdKeoI9fWfl/.a3Il8qR7qp7sdLvE4ZkXU6', 102, 303, '입주민11', '010-2222-0303', 'RESIDENT', NOW(), NULL, '거주'),
    ('res12', '$2a$10$4HZzIIhKHAc3Bmy1t8vdKeoI9fWfl/.a3Il8qR7qp7sdLvE4ZkXU6', 102, 304, '입주민12', '010-2222-0304', 'RESIDENT', NOW(), NULL, '거주'),
    ('res13', '$2a$10$4HZzIIhKHAc3Bmy1t8vdKeoI9fWfl/.a3Il8qR7qp7sdLvE4ZkXU6', 103, 401, '입주민13', '010-2222-0401', 'RESIDENT', NOW(), NULL, '거주'),
    ('res14', '$2a$10$4HZzIIhKHAc3Bmy1t8vdKeoI9fWfl/.a3Il8qR7qp7sdLvE4ZkXU6', 103, 402, '입주민14', '010-2222-0402', 'RESIDENT', NOW(), NULL, '거주'),
    ('res15', '$2a$10$4HZzIIhKHAc3Bmy1t8vdKeoI9fWfl/.a3Il8qR7qp7sdLvE4ZkXU6', 103, 403, '입주민15', '010-2222-0403', 'RESIDENT', NOW(), NULL, '거주'),
    ('res16', '$2a$10$4HZzIIhKHAc3Bmy1t8vdKeoI9fWfl/.a3Il8qR7qp7sdLvE4ZkXU6', 103, 404, '입주민16', '010-2222-0404', 'RESIDENT', NOW(), NULL, '거주'),

    -- 전출됐지만 같은 세대에 승인대기 회원이 있어 공개 가입 목록에는 나오지 않는 사례
    ('res17', '$2a$10$4HZzIIhKHAc3Bmy1t8vdKeoI9fWfl/.a3Il8qR7qp7sdLvE4ZkXU6', 104, 501, '입주민17', '010-2222-0501', 'RESIDENT', NOW() - INTERVAL '2 days', NOW() - INTERVAL '1 day', '전출'),
    ('res18', '$2a$10$4HZzIIhKHAc3Bmy1t8vdKeoI9fWfl/.a3Il8qR7qp7sdLvE4ZkXU6', 104, 502, '입주민18', '010-2222-0502', 'RESIDENT', NOW() - INTERVAL '5 days', NOW() - INTERVAL '4 days', '전출'),

    -- 승인대기 회원이 없어 공개 가입 화면에 표시되는 사례(104동 503호, 504호)
    ('res19', '$2a$10$4HZzIIhKHAc3Bmy1t8vdKeoI9fWfl/.a3Il8qR7qp7sdLvE4ZkXU6', 104, 503, '입주민19', '010-2222-0503', 'RESIDENT', NOW() - INTERVAL '2 days', NOW() - INTERVAL '1 day', '전출'),
    ('res20', '$2a$10$4HZzIIhKHAc3Bmy1t8vdKeoI9fWfl/.a3Il8qR7qp7sdLvE4ZkXU6', 104, 504, '입주민20', '010-2222-0504', 'RESIDENT', NOW() - INTERVAL '5 days', NOW() - INTERVAL '4 days', '전출'),

    ('pending1', '$2a$10$4HZzIIhKHAc3Bmy1t8vdKeoI9fWfl/.a3Il8qR7qp7sdLvE4ZkXU6', 104, 501, '승인대기1', '010-3333-0501', 'PENDING', NOW(), NULL, '거주'),
    ('pending2', '$2a$10$4HZzIIhKHAc3Bmy1t8vdKeoI9fWfl/.a3Il8qR7qp7sdLvE4ZkXU6', 104, 502, '승인대기2', '010-3333-0502', 'PENDING', NOW(), NULL, '거주');

-- =====================================================
-- PARKING
-- =====================================================
INSERT INTO parking (parking_name, parking_spaces, parking_location)
VALUES
    ('A주차장', 100, 'A동 지하'),
    ('B주차장', 80, 'B동 지하'),
    ('C주차장', 100, 'C동 지하'),
    ('D주차장', 50, '지상 주차장');

-- =====================================================
-- GATE
-- =====================================================
INSERT INTO gate (parking_no, gate_name, gate_type)
VALUES
    (1, 'A-IN', 'In'),
    (1, 'A-OUT', 'Out'),
    (2, 'B-IN', 'In'),
    (2, 'B-OUT', 'Out'),
    (3, 'C-IN', 'In'),
    (3, 'C-OUT', 'Out'),
    (4, 'D-BOTH', 'Both');

-- =====================================================
-- VEHICLE CAR
-- =====================================================
INSERT INTO vehicle_car
    (vehicle_type, car_no, vehicle_status, start_date, end_date,
     member_no, approved_at)
VALUES
    ('normal', '345다1234', 'APPROVED', '2026-07-10 00:00:00', '2026-08-09 23:59:59', 3, '2026-07-10 09:00:00'),
    ('normal', '456라5678', 'APPROVED', '2026-07-10 00:00:00', '2026-08-09 23:59:59', 4, '2026-07-10 09:00:00'),
    ('normal', '234나7890', 'APPROVED', '2026-07-10 00:00:00', '2026-08-09 23:59:59', 5, '2026-07-10 09:00:00'),
    ('normal', '234나7891', 'APPROVED', '2026-07-10 00:00:00', '2026-08-09 23:59:59', 6, '2026-07-10 09:00:00'),
    ('normal', '123가4567', 'APPROVED', '2026-07-10 00:00:00', '2026-08-09 23:59:59', 7, '2026-07-10 09:00:00'),
    ('normal', '678바3456', 'APPROVED', '2026-07-10 00:00:00', '2026-08-09 23:59:59', 8, '2026-07-10 09:00:00'),
    ('normal', '789사7890', 'APPROVED', '2026-07-10 00:00:00', '2026-08-09 23:59:59', 9, '2026-07-10 09:00:00'),
    ('normal', '567마9012', 'APPROVED', '2026-07-10 00:00:00', '2026-08-09 23:59:59', 10, '2026-07-10 09:00:00'),
    ('normal', '912자6789', 'APPROVED', '2026-07-10 00:00:00', '2026-08-09 23:59:59', 11, '2026-07-10 09:00:00'),
    ('normal', '135차2468', 'APPROVED', '2026-07-10 00:00:00', '2026-08-09 23:59:59', 12, '2026-07-10 09:00:00'),
    ('normal', '891아2345', 'APPROVED', '2026-07-10 00:00:00', '2026-08-09 23:59:59', 13, '2026-07-10 09:00:00'),
    ('normal', '246카1357', 'APPROVED', '2026-07-10 00:00:00', '2026-08-09 23:59:59', 14, '2026-07-10 09:00:00'),
    ('normal', '246카1358', 'APPROVED', '2026-07-10 00:00:00', '2026-08-09 23:59:59', 15, '2026-07-10 09:00:00'),
    ('visit', '101하1001', 'APPROVED', '2026-07-06 10:00:00', '2026-07-20 10:00:00', 5, '2026-07-06 10:00:00'),
    ('visit', '101하1002', 'APPROVED', '2026-07-06 10:10:00', '2026-07-20 10:10:00', 9, '2026-07-06 10:10:00'),
    ('visit', '103호1003', 'APPROVED', '2026-07-06 10:20:00', '2026-07-20 10:20:00', 14, '2026-07-06 10:20:00'),
    ('visit', '102허1004', 'EXPIRED', '2026-07-02 10:30:00', '2026-07-05 10:30:00', NULL, '2026-07-02 10:30:00'),
    ('visit', '201하2001', 'APPROVED', '2026-07-06 11:00:00', '2026-07-20 11:00:00', 20, '2026-07-06 11:00:00'),
    ('visit', '203호2003', 'APPROVED', '2026-07-06 11:10:00', '2026-07-20 11:10:00', 13, '2026-07-06 11:10:00'),
    ('visit', '204하2004', 'APPROVED', '2026-07-06 11:20:00', '2026-07-20 11:20:00', 11, '2026-07-06 11:20:00'),
    ('visit', '201하2005', 'APPROVED', '2026-07-06 11:30:00', '2026-07-20 11:30:00', 7, '2026-07-06 11:30:00'),
    ('visit', '202허2002', 'EXPIRED', '2026-07-02 11:40:00', '2026-07-05 11:40:00', NULL, '2026-07-02 11:40:00'),
    ('visit', '301허3001', 'APPROVED', '2026-07-06 12:00:00', '2026-07-20 12:00:00', 4, '2026-07-06 12:00:00'),
    ('visit', '301허3003', 'APPROVED', '2026-07-06 12:10:00', '2026-07-20 12:10:00', 19, '2026-07-06 12:10:00'),
    ('visit', '303하3004', 'APPROVED', '2026-07-06 12:20:00', '2026-07-20 12:20:00', 15, '2026-07-06 12:20:00'),
    ('visit', '304허3005', 'APPROVED', '2026-07-06 12:30:00', '2026-07-20 12:30:00', 8, '2026-07-06 12:30:00'),
    ('visit', '302호3002', 'EXPIRED', '2026-07-02 12:40:00', '2026-07-05 12:40:00', NULL, '2026-07-02 12:40:00'),
    ('visit', '357하2468', 'APPROVED', '2026-07-06 13:00:00', '2026-07-20 13:00:00', 18, '2026-07-06 13:00:00'),
    ('visit', '403허4001', 'APPROVED', '2026-07-06 13:10:00', '2026-07-20 13:10:00', 12, '2026-07-06 13:10:00'),
    ('visit', '404호4002', 'APPROVED', '2026-07-06 13:20:00', '2026-07-20 13:20:00', 3, '2026-07-06 13:20:00'),
    ('visit', '401호4003', 'APPROVED', '2026-07-06 13:30:00', '2026-07-20 13:30:00', 6, '2026-07-06 13:30:00'),
    ('visit', '401호4004', 'APPROVED', '2026-07-06 13:40:00', '2026-07-20 13:40:00', 17, '2026-07-06 13:40:00'),
    ('visit', '402하4005', 'EXPIRED', '2026-07-02 13:50:00', '2026-07-05 13:50:00', NULL, '2026-07-02 13:50:00'),
    ('visit', '501하5001', 'EXPIRED', '2026-06-25 09:00:00', '2026-06-28 09:00:00', NULL, '2026-06-25 09:00:00'),
    ('visit', '502허5002', 'EXPIRED', '2026-06-26 10:00:00', '2026-06-29 10:00:00', NULL, '2026-06-26 10:00:00'),
    ('visit', '503호5003', 'EXPIRED', '2026-06-28 11:00:00', '2026-07-01 11:00:00', NULL, '2026-06-28 11:00:00'),
    ('visit', '504하5004', 'EXPIRED', '2026-06-30 12:00:00', '2026-07-03 12:00:00', NULL, '2026-06-30 12:00:00'),
    ('visit', '505허5005', 'EXPIRED', '2026-07-01 13:00:00', '2026-07-04 13:00:00', NULL, '2026-07-01 13:00:00'),
    ('normal', '601가6001', 'EXPIRED', '2026-05-30 00:00:00', '2026-06-29 23:59:59', NULL, '2026-05-30 09:00:00'),
    ('normal', '602나6002', 'EXPIRED', '2026-05-30 00:00:00', '2026-06-29 23:59:59', 19, '2026-05-30 09:10:00'),

    -- [추가] 세대별 사용 중 차량 제한 반영: normal 최대 2대, visit 최대 1대
    ('normal', '701가7001', 'APPROVED', '2026-07-12 00:00:00', '2026-08-11 23:59:59', 3, '2026-07-12 09:00:00'),
    ('normal', '702나7002', 'APPROVED', '2026-07-12 00:00:00', '2026-08-11 23:59:59', 4, '2026-07-12 09:05:00'),
    ('normal', '703다7003', 'APPROVED', '2026-07-12 00:00:00', '2026-08-11 23:59:59', 5, '2026-07-12 09:10:00'),
    ('normal', '704라7004', 'APPROVED', '2026-07-12 00:00:00', '2026-08-11 23:59:59', 6, '2026-07-12 09:15:00'),
    ('normal', '705마7005', 'APPROVED', '2026-07-12 00:00:00', '2026-08-11 23:59:59', 7, '2026-07-12 09:20:00'),
    ('normal', '706바7006', 'APPROVED', '2026-07-12 00:00:00', '2026-08-11 23:59:59', 8, '2026-07-12 09:25:00'),
    ('normal', '707사7007', 'APPROVED', '2026-07-12 00:00:00', '2026-08-11 23:59:59', 9, '2026-07-12 09:30:00'),
    ('normal', '708아7008', 'APPROVED', '2026-07-12 00:00:00', '2026-08-11 23:59:59', 10, '2026-07-12 09:35:00'),
    ('normal', '709자7009', 'APPROVED', '2026-07-12 00:00:00', '2026-08-11 23:59:59', 11, '2026-07-12 09:40:00'),
    ('normal', '710차7010', 'APPROVED', '2026-07-12 00:00:00', '2026-08-11 23:59:59', 12, '2026-07-12 09:45:00'),
    ('normal', '711카7011', 'APPROVED', '2026-07-12 00:00:00', '2026-08-11 23:59:59', 13, '2026-07-12 09:50:00'),
    ('normal', '712타7012', 'APPROVED', '2026-07-12 00:00:00', '2026-08-11 23:59:59', 14, '2026-07-12 09:55:00'),
    ('normal', '713파7013', 'APPROVED', '2026-07-12 00:00:00', '2026-08-11 23:59:59', 15, '2026-07-12 10:00:00'),
    ('normal', '714하7014', 'APPROVED', '2026-07-12 00:00:00', '2026-08-11 23:59:59', 16, '2026-07-12 10:05:00'),
    ('normal', '715가7015', 'APPROVED', '2026-07-12 00:00:00', '2026-08-11 23:59:59', 17, '2026-07-12 10:10:00'),
    ('normal', '716나7016', 'APPROVED', '2026-07-12 00:00:00', '2026-08-11 23:59:59', 18, '2026-07-12 10:15:00'),
    ('normal', '717다7017', 'APPROVED', '2026-07-12 00:00:00', '2026-08-11 23:59:59', 19, '2026-07-12 10:20:00'),
    ('normal', '718라7018', 'APPROVED', '2026-07-12 00:00:00', '2026-08-11 23:59:59', 20, '2026-07-12 10:25:00'),
    ('normal', '719마7019', 'APPROVED', '2026-07-12 00:00:00', '2026-08-11 23:59:59', 21, '2026-07-12 10:30:00'),
    ('normal', '720바7020', 'APPROVED', '2026-07-12 00:00:00', '2026-08-11 23:59:59', 22, '2026-07-12 10:35:00'),

    ('visit', '801하8001', 'APPROVED', '2026-07-15 09:00:00', '2026-07-22 09:00:00', 10, '2026-07-15 09:00:00'),
    ('visit', '802허8002', 'APPROVED', '2026-07-15 09:10:00', '2026-07-22 09:10:00', 16, '2026-07-15 09:10:00'),
    ('visit', '803호8003', 'APPROVED', '2026-07-15 09:20:00', '2026-07-22 09:20:00', 21, '2026-07-15 09:20:00'),
    ('visit', '804하8004', 'APPROVED', '2026-07-15 09:30:00', '2026-07-22 09:30:00', 22, '2026-07-15 09:30:00'),

    -- 과거 입출차 참조용 만료 차량은 특정 회원의 현재 차량 대수에 포함되지 않게 연결을 해제한다.
    ('normal', '901가9001', 'EXPIRED', '2026-05-01 00:00:00', '2026-05-31 23:59:59', NULL, '2026-05-01 09:00:00'),
    ('normal', '902나9002', 'EXPIRED', '2026-05-01 00:00:00', '2026-05-31 23:59:59', NULL, '2026-05-01 09:10:00'),
    ('visit', '903하9003', 'EXPIRED', '2026-06-01 10:00:00', '2026-06-03 10:00:00', NULL, '2026-06-01 10:00:00'),
    ('visit', '904허9004', 'EXPIRED', '2026-06-02 10:00:00', '2026-06-04 10:00:00', NULL, '2026-06-02 10:00:00'),
    ('visit', '905호9005', 'EXPIRED', '2026-06-03 10:00:00', '2026-06-05 10:00:00', NULL, '2026-06-03 10:00:00'),
    ('normal', '906다9006', 'EXPIRED', '2026-05-10 00:00:00', '2026-06-09 23:59:59', 21, '2026-05-10 09:00:00');

-- =====================================================
-- CAMERA
-- =====================================================
INSERT INTO camera (gate_no, camera_name, camera_type, install_date)
VALUES
    (1, 'CAM-A1', 'In', '2025-01-01'),
    (2, 'CAM-A2', 'Out', '2025-01-01'),
    (3, 'CAM-B1', 'In', '2025-01-03'),
    (4, 'CAM-B2', 'Out', '2025-01-03'),
    (5, 'CAM-C1', 'In', '2025-01-05'),
    (6, 'CAM-C2', 'Out', '2025-01-05'),
    (7, 'CAM-D1', 'Both', '2025-01-07');

-- =====================================================
-- CAMERA DATA
-- =====================================================
INSERT INTO camera_data
    (camera_no, vehicle_car_no, car_no, capture_time, image_path,
     recognition_state, confidence_score)
VALUES
    (1, 1, '345다1234', '2026-07-12 08:10:00', '/carPlateImg/a1.jpg', TRUE, 99.0),
    (1, 2, '456라5678', '2026-07-12 08:25:00', '/carPlateImg/a2.jpg', TRUE, 98.2),
    (1, 3, '234나7890', '2026-07-12 08:40:00', '/carPlateImg/a3.jpg', TRUE, 97.8),
    (2, 4, '234나7891', '2026-07-12 08:55:00', '/carPlateImg/a4.jpg', TRUE, 96.9),
    (1, 5, '123가4567', '2026-07-12 09:10:00', '/carPlateImg/a5.jpg', TRUE, 99.1),
    (2, 5, '123가4567', '2026-07-12 11:20:00', '/carPlateImg/a6.jpg', TRUE, 98.5),
    (1, 14, '101하1001', '2026-07-06 10:05:00', '/carPlateImg/a7.jpg', TRUE, 98.7),
    (2, 15, '101하1002', '2026-07-06 10:15:00', '/carPlateImg/a8.jpg', TRUE, 97.9),
    (1, 16, '103호1003', '2026-07-06 10:25:00', '/carPlateImg/a9.jpg', TRUE, 99.0),
    (1, 17, '102허1004', '2026-07-02 10:40:00', '/carPlateImg/a10.jpg', TRUE, 96.8),
    (2, 17, '102허1004', '2026-07-02 12:10:00', '/carPlateImg/a11.jpg', TRUE, 96.1),
    (3, 6, '678바3456', '2026-07-12 09:00:00', '/carPlateImg/b1.jpg', TRUE, 98.7),
    (3, 7, '789사7890', '2026-07-12 09:15:00', '/carPlateImg/b2.jpg', TRUE, 97.5),
    (3, 8, '567마9012', '2026-07-12 09:30:00', '/carPlateImg/b3.jpg', TRUE, 97.4),
    (4, 8, '567마9012', '2026-07-12 13:00:00', '/carPlateImg/b4.jpg', TRUE, 96.8),
    (3, 18, '201하2001', '2026-07-06 11:05:00', '/carPlateImg/b5.jpg', TRUE, 98.4),
    (3, 19, '203호2003', '2026-07-06 11:15:00', '/carPlateImg/b6.jpg', TRUE, 97.2),
    (3, 20, '204하2004', '2026-07-06 11:25:00', '/carPlateImg/b7.jpg', TRUE, 98.1),
    (4, 21, '201하2005', '2026-07-06 11:35:00', '/carPlateImg/b8.jpg', TRUE, 97.5),
    (3, 22, '202허2002', '2026-07-02 11:45:00', '/carPlateImg/b9.jpg', TRUE, 95.9),
    (4, 22, '202허2002', '2026-07-02 14:20:00', '/carPlateImg/b10.jpg', TRUE, 96.4),
    (5, 9, '912자6789', '2026-07-12 10:00:00', '/carPlateImg/c1.jpg', TRUE, 97.6),
    (5, 10, '135차2468', '2026-07-12 10:15:00', '/carPlateImg/c2.jpg', TRUE, 96.5),
    (5, 11, '891아2345', '2026-07-12 10:30:00', '/carPlateImg/c3.jpg', TRUE, 99.2),
    (6, 11, '891아2345', '2026-07-12 15:10:00', '/carPlateImg/c4.jpg', TRUE, 98.1),
    (5, 23, '301허3001', '2026-07-06 12:05:00', '/carPlateImg/c5.jpg', TRUE, 99.2),
    (5, 24, '301허3003', '2026-07-06 12:15:00', '/carPlateImg/c6.jpg', TRUE, 98.0),
    (5, 25, '303하3004', '2026-07-06 12:25:00', '/carPlateImg/c7.jpg', TRUE, 97.8),
    (5, 26, '304허3005', '2026-07-06 12:35:00', '/carPlateImg/c8.jpg', TRUE, 95.5),
    (5, 27, '302호3002', '2026-07-02 12:45:00', '/carPlateImg/c9.jpg', TRUE, 96.7),
    (6, 27, '302호3002', '2026-07-02 16:00:00', '/carPlateImg/c10.jpg', TRUE, 96.0),
    (7, 12, '246카1357', '2026-07-12 11:00:00', '/carPlateImg/d1.jpg', TRUE, 98.9),
    (7, 13, '246카1358', '2026-07-12 11:15:00', '/carPlateImg/d2.jpg', TRUE, 98.0),
    (7, 28, '357하2468', '2026-07-06 13:05:00', '/carPlateImg/d3.jpg', TRUE, 97.2),
    (7, 29, '403허4001', '2026-07-06 13:15:00', '/carPlateImg/d4.jpg', TRUE, 98.3),
    (7, 30, '404호4002', '2026-07-06 13:25:00', '/carPlateImg/d5.jpg', TRUE, 97.1),
    (7, 31, '401호4003', '2026-07-06 13:35:00', '/carPlateImg/d6.jpg', TRUE, 98.6),
    (7, 32, '401호4004', '2026-07-06 13:45:00', '/carPlateImg/d7.jpg', TRUE, 97.7),
    (7, 33, '402하4005', '2026-07-02 13:55:00', '/carPlateImg/d8.jpg', TRUE, 96.9),
    (7, 33, '402하4005', '2026-07-02 17:30:00', '/carPlateImg/d9.jpg', TRUE, 96.2),
    (1, 34, '501하5001', '2026-06-25 09:10:00', '/carPlateImg/alert_a1.jpg', TRUE, 98.8),
    (1, 39, '601가6001', '2026-06-30 08:30:00', '/carPlateImg/alert_a2.jpg', TRUE, 97.9),
    (3, 35, '502허5002', '2026-06-26 10:10:00', '/carPlateImg/alert_b1.jpg', TRUE, 98.4),
    (3, 37, '504하5004', '2026-06-30 12:10:00', '/carPlateImg/alert_b2.jpg', TRUE, 96.7),
    (5, 36, '503호5003', '2026-06-28 11:10:00', '/carPlateImg/alert_c1.jpg', TRUE, 97.6),
    (5, 40, '602나6002', '2026-06-30 09:00:00', '/carPlateImg/alert_c2.jpg', TRUE, 98.1),
    (7, 38, '505허5005', '2026-07-01 13:10:00', '/carPlateImg/alert_d1.jpg', TRUE, 96.9);

-- =====================================================
-- CAR LOG
-- =====================================================
INSERT INTO car_log
    (vehicle_car_no, camera_data_no, in_gate_no, in_time,
     out_gate_no, out_time, free_time, snapshot_car_no)
VALUES
    (1, 1, 1, '2026-07-12 08:10:00', NULL, NULL, 180, '345다1234'),
    (2, 2, 1, '2026-07-12 08:25:00', NULL, NULL, 180, '456라5678'),
    (3, 3, 1, '2026-07-12 08:40:00', NULL, NULL, 180, '234나7890'),
    (4, 4, 1, '2026-07-12 08:55:00', NULL, NULL, 180, '234나7891'),
    (5, 5, 1, '2026-07-12 09:10:00', 2, '2026-07-12 11:20:00', 180, '123가4567'),
    (14, 7, 1, '2026-07-06 10:05:00', NULL, NULL, 180, '101하1001'),
    (15, 8, 1, '2026-07-06 10:15:00', NULL, NULL, 180, '101하1002'),
    (16, 9, 1, '2026-07-06 10:25:00', NULL, NULL, 180, '103호1003'),
    (17, 10, 1, '2026-07-02 10:40:00', 2, '2026-07-02 12:10:00', 180, '102허1004'),
    (6, 12, 3, '2026-07-12 09:00:00', NULL, NULL, 180, '678바3456'),
    (7, 13, 3, '2026-07-12 09:15:00', NULL, NULL, 180, '789사7890'),
    (8, 14, 3, '2026-07-12 09:30:00', 4, '2026-07-12 13:00:00', 180, '567마9012'),
    (18, 16, 3, '2026-07-06 11:05:00', NULL, NULL, 180, '201하2001'),
    (19, 17, 3, '2026-07-06 11:15:00', NULL, NULL, 180, '203호2003'),
    (20, 18, 3, '2026-07-06 11:25:00', NULL, NULL, 180, '204하2004'),
    (21, 19, 3, '2026-07-06 11:35:00', NULL, NULL, 180, '201하2005'),
    (22, 20, 3, '2026-07-02 11:45:00', 4, '2026-07-02 14:20:00', 180, '202허2002'),
    (9, 22, 5, '2026-07-12 10:00:00', NULL, NULL, 180, '912자6789'),
    (10, 23, 5, '2026-07-12 10:15:00', NULL, NULL, 180, '135차2468'),
    (11, 24, 5, '2026-07-12 10:30:00', 6, '2026-07-12 15:10:00', 180, '891아2345'),
    (23, 26, 5, '2026-07-06 12:05:00', NULL, NULL, 180, '301허3001'),
    (24, 27, 5, '2026-07-06 12:15:00', NULL, NULL, 180, '301허3003'),
    (25, 28, 5, '2026-07-06 12:25:00', NULL, NULL, 180, '303하3004'),
    (26, 29, 5, '2026-07-06 12:35:00', NULL, NULL, 180, '304허3005'),
    (27, 30, 5, '2026-07-02 12:45:00', 6, '2026-07-02 16:00:00', 180, '302호3002'),
    (12, 32, 7, '2026-07-12 11:00:00', NULL, NULL, 180, '246카1357'),
    (13, 33, 7, '2026-07-12 11:15:00', NULL, NULL, 180, '246카1358'),
    (28, 34, 7, '2026-07-06 13:05:00', NULL, NULL, 180, '357하2468'),
    (29, 35, 7, '2026-07-06 13:15:00', NULL, NULL, 180, '403허4001'),
    (30, 36, 7, '2026-07-06 13:25:00', NULL, NULL, 180, '404호4002'),
    (31, 37, 7, '2026-07-06 13:35:00', NULL, NULL, 180, '401호4003'),
    (32, 38, 7, '2026-07-06 13:45:00', NULL, NULL, 180, '401호4004'),
    (33, 39, 7, '2026-07-02 13:55:00', 7, '2026-07-02 17:30:00', 180, '402하4005'),
    (34, 41, 1, '2026-06-25 09:10:00', NULL, NULL, 180, '501하5001'),
    (35, 43, 3, '2026-06-26 10:10:00', NULL, NULL, 180, '502허5002'),
    (36, 45, 5, '2026-06-28 11:10:00', NULL, NULL, 180, '503호5003'),
    (37, 44, 3, '2026-06-30 12:10:00', NULL, NULL, 180, '504하5004'),
    (38, 47, 7, '2026-07-01 13:10:00', NULL, NULL, 180, '505허5005'),
    (39, 42, 1, '2026-06-30 08:30:00', NULL, NULL, 180, '601가6001'),
    (40, 46, 5, '2026-06-30 09:00:00', NULL, NULL, 180, '602나6002');

-- =====================================================
-- NOTICE
-- car_no는 notice에 직접 저장하지 않고 스냅샷/뷰에서 확인한다.
-- =====================================================
INSERT INTO notice
    (car_log_no, detect_at, stay_days, alert_stat,
     handled_by_member_no, handled_at,
     snapshot_car_log_no, snapshot_registered_car_no,
     snapshot_captured_car_no, snapshot_car_kind,
     snapshot_parking_name, snapshot_in_time)
VALUES
    (34, '2026-07-10 09:10:00', 12, 'Unresolved', NULL, NULL, 34, '501하5001', '501하5001', 'VISIT', 'A주차장', '2026-06-25 09:10:00'),
    (35, '2026-07-10 10:10:00', 11, 'Unresolved', NULL, NULL, 35, '502허5002', '502허5002', 'VISIT', 'B주차장', '2026-06-26 10:10:00'),
    (36, '2026-07-10 11:10:00', 9, 'Unresolved', NULL, NULL, 36, '503호5003', '503호5003', 'VISIT', 'C주차장', '2026-06-28 11:10:00'),
    (37, '2026-07-10 12:10:00', 7, 'Checked', 2, '2026-07-10 13:00:00', 37, '504하5004', '504하5004', 'VISIT', 'B주차장', '2026-06-30 12:10:00'),
    (38, '2026-07-10 13:10:00', 6, 'Checked', 1, '2026-07-10 14:00:00', 38, '505허5005', '505허5005', 'VISIT', 'D주차장', '2026-07-01 13:10:00'),
    (39, '2026-07-10 08:30:00', 10, 'Resolved', 1, '2026-07-10 15:00:00', 39, '601가6001', '601가6001', 'REGISTERED', 'A주차장', '2026-06-30 08:30:00'),
    (40, '2026-07-10 09:00:00', 10, 'Resolved', 2, '2026-07-10 15:20:00', 40, '602나6002', '602나6002', 'REGISTERED', 'C주차장', '2026-06-30 09:00:00'),
    (6, '2026-07-10 10:05:00', 4, 'Unresolved', NULL, NULL, 6, '101하1001', '101하1001', 'VISIT', 'A주차장', '2026-07-06 10:05:00'),
    (13, '2026-07-10 11:05:00', 4, 'Unresolved', NULL, NULL, 13, '201하2001', '201하2001', 'VISIT', 'B주차장', '2026-07-06 11:05:00'),
    (21, '2026-07-10 12:05:00', 4, 'Checked', 1, '2026-07-10 12:30:00', 21, '301허3001', '301허3001', 'VISIT', 'C주차장', '2026-07-06 12:05:00');

-- =====================================================
-- TRASH BIN
-- =====================================================
INSERT INTO trash_bin
    (data_type, original_no, data_json, delete_type, deleted_at, purge_at)
VALUES
    (
        'CAMERA_DATA',
        9001,
        jsonb_build_object(
            'camera_data_no', 9001,
            'camera_no', 1,
            'vehicle_car_no', NULL,
            'car_no', '99테9001',
            'capture_time', '2026-07-10T08:30:00',
            'image_path', '/carPlateImg/trash-camera.jpg',
            'recognition_state', TRUE,
            'confidence_score', 95.50
        ),
        'MANUAL',
        '2026-07-14 09:00:00',
        '2026-08-13 09:00:00'
    ),
    (
        'CAR_LOG',
        9001,
        jsonb_build_object(
            'car_log_no', 9001,
            'vehicle_car_no', NULL,
            'camera_data_no', NULL,
            'in_gate_no', 1,
            'in_time', '2026-07-09T10:00:00',
            'out_gate_no', 2,
            'out_time', '2026-07-09T15:00:00',
            'free_time', 180,
            'snapshot_car_no', '88테9001'
        ),
        'SCHEDULED',
        '2026-07-14 09:10:00',
        '2026-08-13 09:10:00'
    ),
    (
        'NOTICE',
        9001,
        jsonb_build_object(
            'notice_no', 9001,
            'car_log_no', NULL,
            'detect_at', '2026-07-10T11:00:00',
            'stay_days', 2,
            'alert_stat', 'Resolved',
            'handled_by_member_no', 1,
            'handled_at', '2026-07-14T08:00:00',
            'snapshot_car_log_no', 9001,
            'snapshot_registered_car_no', '77테9001',
            'snapshot_captured_car_no', '77테9001',
            'snapshot_car_kind', 'REGISTERED',
            'snapshot_parking_name', 'A주차장',
            'snapshot_in_time', '2026-07-08T11:00:00'
        ),
        'MANUAL',
        '2026-07-14 09:20:00',
        '2026-08-13 09:20:00'
    );

COMMIT;

-- =====================================================
-- 확인용 조회
-- =====================================================
SELECT 'member' AS table_name, COUNT(*) AS row_count FROM member
UNION ALL SELECT 'parking', COUNT(*) FROM parking
UNION ALL SELECT 'gate', COUNT(*) FROM gate
UNION ALL SELECT 'vehicle_car', COUNT(*) FROM vehicle_car
UNION ALL SELECT 'camera', COUNT(*) FROM camera
UNION ALL SELECT 'camera_data', COUNT(*) FROM camera_data
UNION ALL SELECT 'car_log', COUNT(*) FROM car_log
UNION ALL SELECT 'notice', COUNT(*) FROM notice
UNION ALL SELECT 'trash_bin', COUNT(*) FROM trash_bin
ORDER BY table_name;
